,epochs,loss,trial,val_loss
0,0.0,235.96336973091474,1,189.64827693458315
