,epochs,loss,trial,val_loss
0,0.0,614.4247862306198,1,200.50227504650567
